"item","purchase_url","required_spec","purpose","subsystem","base_quantity","add_one_mosfet_quantity","scaling_rule","id","connected_to","pin_assignment","panel_cutout","unit","selection_status","manufacturer","model_number","supplier","supplier_part_number","unit_price","currency","tax_status","order_quantity","line_total","price_checked_on","notes"
"屋外ルーフ付きポリカーボネート筐体","https://www.takachi-el.co.jp/products/BCPR","IP65・外形300×400×120 mm・内寸274.5×374.5×103.6 mm・ライトグレー","制御モジュール、MOSFET SW、端子台、充電コントローラ、内部配線を収容する本体","本体（筐体）","1","0","制御本体1台につき1台","E-01","全構成部品","-","コネクタ穴はリブ、壁テーパー、蓋パッキンを避けて現物合わせ","台","✅ 選定済み","タカチ電機工業","BCPR304012S","タカチ販売店","BCPR304012S","","","","","","","プラスチックのためホールソーとヤスリで加工可能"
"内部取付ベース","https://www.takachi-el.co.jp/products/BMP_BCAP","SECC亜鉛めっき鋼板・265×365×1.6 mm・BCPR304012S適合","制御モジュール、MOSFET SW、端子台、充電コントローラを筐体内へ固定する","本体（筐体）","1","0","制御本体1台につき1枚","E-02","BCPR304012S内部","-","筐体付属ボスへ固定","枚","✅ 選定済み","タカチ電機工業","BMP3040Z","タカチ販売店","BMP3040Z","","","","","","","各完成品モジュールの実寸を測ってから取付穴を加工"
"筐体外部取付足","https://www.takachi-el.co.jp/products/BFL","BCPR 3040サイズ適合・ライトグレー・4個1組","制御筐体を壁面などへ固定する","本体（筐体）","1","0","制御本体1台につき1組","E-03","BCPR304012S","-","筐体既定取付部","組","✅ 選定済み","タカチ電機工業","BFL-2S","タカチ販売店","BFL-2S","","","","","","","設置条件によりポール金具は別途"
"制御モジュール固定セット","","M3スペーサ、ねじ、平座金、緩み止め、必要に応じDINレールアダプタ","XIAO端子台、DC-DC、MOSFET SW、端子台を内部取付ベースへ固定する","本体（筐体）","1","1","本体用1式。MOSFET SW増設時は固定具1組を追加","E-04","BMP3040Z→各完成品モジュール","-","購入したモジュールの穴位置を現物確認","式","⚠ モジュール選定後に確定","","","機構部品販売店","","","","","","","","両面テープだけに頼らず、ねじまたはDINレールで固定"
"制御筐体POWER IN 3極パネルコネクタ","https://amphenolltw.com/product-info/X-Lok/X-Lok.MiddleSize/CC-03RMMS-QC800P.html","X-Lok Middle C・3極・20 A・IP68・パネル側オス接点・12～14 AWG","外部12 V電源を制御筐体へ入力する","本体（電源入力）","1","0","制御本体1台につき1個","PWR-01","外部12 V電源→12 V分岐","1=+12V IN、2=GND、3=NC","Dカット Ø20.8/19.4 mm・最大板厚4.5 mm・現物確認","個","✅ 選定済み","Amphenol LTW","CC-03RMMS-QC800P","電子部品販売店","CC-03RMMS-QC800P","","","","","","","外した電源ケーブルに通電ピンを露出させない接点構成。12 V保護は供給元側を前提とする"
"POWER INケーブル・制御筐体側プラグ","https://amphenolltw.com/product-info/X-Lok/X-Lok.MiddleSize/CC-03BFFB-QL8LPP.html","PWR-01適合・3極・20 A・IP68・メス接点・ねじ接続・ケーブル外径10～12 mm","外部電源ケーブルを制御筐体POWER INへ接続する","本体（電源入力）","1","0","制御本体1台につき1個","PWR-02","外部12 V電源ケーブル→PWR-01","1=+12V IN、2=GND、3=未接続","-","個","✅ 選定済み","Amphenol LTW","CC-03BFFB-QL8LPP","電子部品販売店","CC-03BFFB-QL8LPP","","","","","","","2PNCT 2心×2.0 mm²の外径約11 mmに合わせる"
"MOSFET OUT 3極パネルコネクタ","https://amphenolltw.com/product-info/X-Lok/X-Lok.MiddleSize/CC-03RMFS-QC800P.html","X-Lok Middle C・3極・20 A・IP68・パネル側メス接点・12～14 AWG","MOSFET SWの+12VとSW_RETURNを筐体外へ出す","MOSFET SW（1系統ごと）","5","1","MOSFET SW 1系統につき1個","OUT-01","+12 V分岐とMOSFET Drain→外部機器","1=+12V、2=SW_RETURN、3=NC","Dカット Ø20.8/19.4 mm・最大板厚4.5 mm・現物確認","個","✅ 選定済み","Amphenol LTW","CC-03RMFS-QC800P","電子部品販売店","CC-03RMFS-QC800P","","","","","","","SW_RETURNは低側MOSFETでスイッチされる戻り線。常時GNDへ接続しない"
"MOSFET OUTケーブル・制御筐体側プラグ","https://amphenolltw.com/product-info/X-Lok/X-Lok.MiddleSize/CC-03BFMB-QL8LPP.html","OUT-01適合・3極・20 A・IP68・オス接点・ねじ接続・ケーブル外径10～12 mm","MOSFET出力ケーブルを制御筐体へ接続する","MOSFET SW（1系統ごと）","5","1","MOSFET SW 1系統につき1個","OUT-02","OUT-01→外部2心ケーブル","1=+12V、2=SW_RETURN、3=未接続","-","個","✅ 選定済み","Amphenol LTW","CC-03BFMB-QL8LPP","電子部品販売店","CC-03BFMB-QL8LPP","","","","","","","各出力ケーブルの制御筐体側"
"外部機器POWER IN 3極パネルコネクタ","https://amphenolltw.com/product-info/X-Lok/X-Lok.MiddleSize/CC-03RMMS-QC800P.html","X-Lok Middle C・3極・20 A・IP68・パネル側オス接点・12～14 AWG","ポンプ等の機器本体に着脱式電源入口を設ける","MOSFET SW（機器側・条件付き）","5","1","加工可能な外部機器1台につき1個。直結する場合は0個","DEV-PWR-01","MOSFET出力ケーブル→外部機器内部","1=+12V、2=電源戻り、3=NC","Dカット Ø20.8/19.4 mm・最大板厚4.5 mm・現物確認","個","⚠ 機器を加工する場合のみ","Amphenol LTW","CC-03RMMS-QC800P","電子部品販売店","CC-03RMMS-QC800P","","","","","","","市販機器の成形ケーブルを残す場合は発注しない"
"MOSFET OUTケーブル・外部機器側プラグ","https://amphenolltw.com/product-info/X-Lok/X-Lok.MiddleSize/CC-03BFFB-QL8LPP.html","DEV-PWR-01適合・3極・20 A・IP68・メス接点・ねじ接続・ケーブル外径10～12 mm","MOSFET出力ケーブルを外部機器のPOWER INへ接続する","MOSFET SW（機器側・条件付き）","5","1","DEV-PWR-01を使う外部機器1台につき1個。直結する場合は0個","OUT-03","外部2心ケーブル→DEV-PWR-01","1=+12V、2=電源戻り、3=未接続","-","個","⚠ DEV-PWR-01採用時のみ","Amphenol LTW","CC-03BFFB-QL8LPP","電子部品販売店","CC-03BFFB-QL8LPP","","","","","","","外部機器をパネルコネクタ化しない場合は発注しない"
"外部電源・MOSFET負荷用2心ケーブル","https://www.fujiewc.co.jp/product/2pnct/","2PNCT・2心×2.0 mm²・仕上外径約11 mm・耐候/耐水/耐油・許容電流22 A級","外部電源と各MOSFET負荷へ12 V電力を配線する","本体／MOSFET SW外部配線","実測","実測","POWER IN 1本と各MOSFET SW 1本の実配線長を合計","PWR-CABLE","PWR-02→外部電源、OUT-02→OUT-03または機器リード","識別線=+12V、黒=GNDまたはSW_RETURN","-","m","✅ ケーブル仕様確定・長さ実測","富士電線工業","2PNCT 2×2.0 mm²","電線販売店","2PNCT-2C-2SQ","","","","","","","電圧降下、ポンプ始動電流、配線長を発注前に確認"
"筐体内2.0 mm²電源配線セット","","KIVまたは同等・2.0 mm²・赤と黒・600 V級","POWER IN、12 V分岐、各MOSFET、パネルコネクタを配線する","本体／MOSFET SW内部配線","1","1","本体用1式に加え、MOSFET SW 1系統増設ごとに赤黒1組を追加","INT-WIRE","PWR-01↔12 V分岐、+12 V分岐／MOSFET Drain↔OUT-01","赤=+12V、黒=GNDまたはSW_RETURN","-","式","⚠ レイアウトで長さ確定","","KIV 2.0 mm² 赤・黒","電線販売店","","","","","","","","MOSFET出力の黒線を筐体内GNDへ短絡しない"
"X-Lokパネル用防水キャップ","https://amphenolltw.com/product-info/X-Lok/X-Lok.Accessory/CAP-WACMQMA1.html","X-Lok Middle Cパネルレセプタクル用","未接続POWER INとMOSFET OUTの接点を水・泥から保護する","本体／MOSFET SWコネクタ保護","6","1","POWER IN 1個とMOSFET OUT各1個","PWR-CAP","PWR-01、OUT-01","-","-","個","✅ 選定済み","Amphenol LTW","CAP-WACMQMA1","電子部品販売店","CAP-WACMQMA1","","","","","","","未接続ポートには必ず装着"
"RS485 4極パネルコネクタ・制御筐体側","https://www.phoenixcontact.com/ja-jp/products/device-connector-rear-mounting-sacc-dsi-m12fs-4con-m16-05x-1237436","M12 A-coded・4極・パネル側ソケット・IP65/IP67・0.5 mばら線付き","RS485機器の電源とA/B信号を制御筐体へ接続する","本体（RS485）","2","0","RS485ポート1個につき1個。標準は2ポート","RS485-01","RS485変換モジュール／4線分配端子台→RS485外部ケーブル","1=+12V_FIELD、2=A、3=GND、4=B","Ø16.2 mm・M16×1.5後面固定・現物確認","個","✅ 選定済み","Phoenix Contact","1237436","Phoenix Contact販売店","1237436","","","","","","","筐体に穴を開けて後面ナットで固定"
"RS485ケーブル・制御筐体側M12プラグ","https://www.phoenixcontact.com/ja-jp/products/sacc-m12ms-4qo-075-sh-1413993","M12 A-coded・4極・オス・シールド対応IDC・ケーブル外径5～9.7 mm","RS485ツイストペアケーブルを制御筐体へ接続する","本体（RS485）","2","0","RS485外部ケーブル1本につき1個","RS485-02","RS485-01→RS485-CABLE","1=+12V_FIELD、2=A、3=GND、4=B","-","個","✅ 選定済み","Phoenix Contact","1413993","Phoenix Contact販売店","1413993","","","","","","","Belden 3107Aの外径8.89 mmと22 AWGに適合"
"RS485ケーブル・機器側M12ソケット","https://www.phoenixcontact.com/ja-jp/products/sacc-m12fs-4qo-075-sh-1413994","M12 A-coded・4極・メス・シールド対応IDC・ケーブル外径5～9.7 mm","RS485ケーブルをM12オス入口付き機器へ接続する","本体（RS485・条件付き）","2","0","M12オス入口を持つRS485機器1台につき1個","RS485-03","RS485-CABLE→RS485機器","1=+12V_FIELD、2=A、3=GND、4=B","-","個","⚠ 機器側仕様で決定","Phoenix Contact","1413994","Phoenix Contact販売店","1413994","","","","","","","端子台式機器ならケーブルを直接接続するため不要"
"RS485機器側4極パネルコネクタ","https://www.phoenixcontact.com/ja-jp/products/device-connector-rear-mounting-sacc-dsi-m12ms-4con-m16-05x-1239274","M12 A-coded・4極・パネル側ピン・IP65/IP67・0.5 mばら線付き","自作RS485機器に着脱式4極入口を設ける","本体（RS485・条件付き）","2","0","自作RS485機器1台につき1個。市販機器に既設なら0個","RS485-04","RS485-03→RS485機器内部","1=+12V_FIELD、2=A、3=GND、4=B","Ø16.2 mm・M16×1.5後面固定・現物確認","個","⚠ 自作機器筐体のみ","Phoenix Contact","1239274","Phoenix Contact販売店","1239274","","","","","","","市販機器にM12オスが既設なら発注しない"
"RS485パネル用シーリングキャップ","https://www.phoenixcontact.com/ja-jp/products/protective-cap-prot-m12-fs-1560251","未使用M12パネルソケット用・IP65/IP67","未接続RS485ポートを水・泥から保護する","本体（RS485）","2","0","制御筐体RS485ポート1個につき1個","RS485-CAP","RS485-01","-","-","個","✅ 選定済み","Phoenix Contact","1560251","Phoenix Contact販売店","1560251","","","","","","","未接続ポートには必ず装着"
"RS485・電源共用4心ツイストペアケーブル","https://www.belden.com/products/cable/electronic-wire-cable/rs-485-cable/3107a","120 Ω・2対・22 AWG・全体フォイル+編組シールド・外径8.89 mm・屋外対応","RS485 A/Bと12V_FIELD/GNDを1本で配線する","本体（RS485）","実測","0","RS485機器までの実配線長を合計","RS485-CABLE","RS485-02→RS485-03または機器端子","同一対=2:A/4:B、別対=1:+12V_FIELD/3:GND、ドレインは信号GNDにしない","-","m","✅ ケーブル仕様確定・長さ実測","Belden","3107A","Belden販売店","3107A","","","","","","","A/Bは同じツイストペア。シールドは制御側だけで接地方針を決め、機器側は絶縁"
