"item","purchase_url","required_spec","connected_pump","id","category","required_quantity","unit","selection_status","manufacturer","model_number","supplier","unit_price","currency","tax_status","order_quantity","line_total","price_checked_on","notes"
"混合・排出タンク","https://www.amazon.co.jp/dp/B0F5GMNWF6/?coliid=I9KQ05MTB5J03&colid=22H48X66XWFLU&ref_=list_c_wl_lv_ov_lig_dp_it&th=1&psc=1","10 L・蓋付き・PE","混合・排出","H-01","液系統","1","個","✅ 採用","キャプテンスタッグ(CAPTAIN STAG)","UE-2047","Amazon.co.jp","2518","JPY","税込（表示価格）","1","2518","2026-07-31",""
"A/B液原液容器（同一品）","https://www.amazon.co.jp/dp/B0CYRJH57H/?coliid=I34A9WAWKIYYUS&colid=22H48X66XWFLU&psc=1&ref_=cm_sw_r_cp_ud_lstpd_MVXF2DAAMH5GGXJ17SQJ","同じメーカー型番を2個発注。蓋付き、遮光。組付け時にA用・B用の表示を付ける","A容器→H-20（A用）／B容器→H-20（B用）","H-02","液系統","2","個","✅ 適合候補・接液確認待ち","キャプテンスタッグ(CAPTAIN STAG)","UE-2045","Amazon.co.jp","1028","JPY","税込（表示価格）","2","2056","2026-07-31","2 L、オリーブ色。本体・キャップベルトPE、キャップPP。同一品を2個購入し、3×5 mmチューブを通す蓋加工とA/B原液への接液適合を確認"
"原水入口電磁弁","https://www.amazon.co.jp/dp/B072FBHG94/?ref_=cm_wl_huc_item","Heschen 2W-200-20J、12 V DC・常閉形、PT3/4（Rc3/4）めねじ","原水入口制御出力（供給圧がある場合）","H-10","液系統","1","個","✅ Rev A基準構成に採用","Heschen","2W-200-20J","Amazon.co.jp","4193","JPY","税込（表示価格）","1","4193","2026-07-31","入口・出口にH-12を各1個接続"
"原水移送ポンプ","https://www.amazon.co.jp/dp/B08R5SZD6M/?ref_=cm_wl_huc_item","貯水槽等から原水を移送する12 Vポンプ。必要吸上げ高さ、揚程、流量を満たす","原水入口制御出力（原水移送が必要な場合）","H-11","液系統","0","個","✅ 代替候補・Rev A発注なし","Hailege","商品ページ記載なし（12 V・4.2 W・240 L/h）","Amazon.co.jp","1940","JPY","税込（表示価格）","0","0","2026-07-31","Rev A基準構成では不使用。水没または押込み給水条件でH-10の代わりに使用可能"
"電磁弁用ホースニップル（同一品）","https://www.amazon.co.jp/dp/B00B4TKJVQ/","アソー HN-1616、PT3/4（R3/4）おねじ・竹の子外径16 mm","H-10 原水入口電磁弁の入口・出口","H-12","液系統","2","個","✅ H-10入出力に適合","アソー(ASOH)","HN-1616","Amazon.co.jp","569","JPY","税込（表示価格）","2","1138","2026-07-31","H-10のRc3/4めねじへ入口・出口それぞれ1個接続"
"原水入口ホース","https://www.amazon.co.jp/dp/B00CTGTMX4/?ref_=cm_wl_huc_item","タカギPH08015CB005TM、内径15 mm・外径20 mm・長さ5 m。水源からH-10までと、H-10からH-14までを接続","H-10 原水入口電磁弁の入口・出口","H-13","液系統","1","式","✅ 接続構成確定","タカギ(Takagi)","PH08015CB005TM","Amazon.co.jp","1020","JPY","税込（表示価格）","1","1020","2026-07-31","長さ5 mから入口側・出口側を設置環境に合わせて切断。H-10側はH-12、フロート弁側はH-14で接続"
"フロート弁接続用ホースコネクタ（メス）","https://www.amazon.co.jp/dp/B000EVL7YS/","タカギ G079FJ、内径12～15 mm・外径21 mmまでのホース用ワンタッチコネクタ","H-13原水入口ホースの下流・H-15付属オスニップルの上流","H-14","液系統","1","個","✅ H-13に適合・嵌合確認","タカギ(Takagi)","G079FJ","Amazon.co.jp","","JPY","カート表示","1","","2026-07-31","H-13の内径15 mm・外径20 mmに適合。H-15付属オスニップルとの嵌合、抜け止め、加圧漏れを組立時に確認"
"原水入口の機械式フロート弁","https://www.amazon.co.jp/dp/B0DJ6TVZ1X/?ref_=cm_wl_huc_item","NABESHI NA-4231、付属ワンタッチ接続用オスニップルでH-14へ接続し、タンク満水時に原水を止める","H-10電磁弁・H-13原水入口ホース・H-14ホースコネクタの下流","H-15","液系統","1","個","✅ 付属オスニップルで採用","NABESHI","NA-4231","Amazon.co.jp","1980","JPY","税込（表示価格）","1","1980","2026-07-31","本体ねじはNPT1/2。付属オスニップルを介してH-14とワンタッチ接続する"
"A/B液用蠕動ポンプ（同一品）","https://www.amazon.co.jp/dp/B0D6G4HGP3/?ref_=cm_wl_huc_item","DC12 V、内径3 mm・外径5 mmの透明シリコーンチューブ仕様。同じ商品を2個発注し、A用・B用へ割り当てる。吐出量を校正可能","A系統1個／B系統1個","H-20","液系統","2","個","✅ 寸法適合候補・校正必須","ViaGasaFamido","商品ページ記載なし","Amazon.co.jp","1680","JPY","税込（表示価格）","2","3360","2026-07-31","DC12 V選択、透明シリコーン3×5 mm、商品表示最大約90 mL/min。A/Bで同一品を2個購入し、実液で個体別に吐出量を校正する"
"A/B液用連続チューブ（同一品）","https://www.amazon.co.jp/dp/B0FJXBZWBJ/?ref_=cm_wl_huc_item","内径3 mm・外径5 mm。A/Bとも同じ型番と材質を使用し、各容器H-02からポンプH-20、逆止弁H-22を経て混合タンクH-01まで同じチューブを使う","H-20 A/B液用蠕動ポンプ","H-21","液系統","2","系統分","✅ 寸法適合候補・現場合わせで切断","サムコス","商品ページ記載なし（3×5 mm・2 m）","Amazon.co.jp","495","JPY","税込（表示価格）","1","495","2026-07-31","内径3 mm・外径5 mm・長さ約2 m、シリコーン。1巻からA/B用を設置環境に合わせて切り出す。原液への耐薬品性は実液で確認"
"A/B液用吐出側逆止弁（同一品）","https://www.amazon.co.jp/dp/B0GX5HRM3V/ref=cm_sw_r_as_gl_apa_gl_i_A26BHH64X15DXD1HRXCA?linkCode=ml1&tag=masa031130-22&linkId=0fcd9e36bc657c9af016bdd698209395","ochun、ASIN B0GX5HRM3V、3 mm半透明、PP製。A/Bポンプ吐出口へ1個ずつ設置","H-20 A/B液用蠕動ポンプ吐出側","H-22","液系統","2","個","✅ 採用・実液作動確認","ochun","ASIN B0GX5HRM3V（3 mm半透明）","Amazon.co.jp","1461","JPY","税込（表示価格）","1","1461","2026-07-31","10個セットからA/B用に2個使用。商品ページは化学・食品・飲料用途を掲げるPP製。開弁圧の数値はないため、組立時に実液で吐出、流向、停止後の逆流・漏れを確認。指定のアフィリエイト情報付きURLを保持"
"攪拌・循環ポンプ","https://www.amazon.co.jp/dp/B08R5SZD6M/?ref_=cm_wl_huc_item","12 Vブラシレス、連続運転可能、口径約8 mm、希釈液へ接液適合","攪拌・循環系（H-30自身）","H-30","液系統","1","個","✅ 清水仕様として適合候補","Hailege","商品ページ記載なし（12 V・4.2 W・240 L/h）","Amazon.co.jp","1940","JPY","税込（表示価格）","1","1940","2026-07-31","2個セット。ブラシレス、最大240 L/h、最大揚程3 m、口径約8 mm、連続運転用。1個をH-30、残り1個を条件が合えばH-11へ使う。希釈液への接液適合は別途確認"
"攪拌ポンプ用吸込・戻りホース","https://www.amazon.co.jp/dp/B0FKNG5SDK/?ref_=cm_wl_huc_item","H-01からH-30へ吸い、H-30からH-01へ戻す。内径8 mm・外径10 mm・長さ1 mで、ポンプ口へ直接接続。設置環境に合わせて切断","H-30 攪拌・循環ポンプ","H-31","液系統","1","式","✅ 採用・現場合わせで切断","YJRUNFU","商品ページ記載なし（8×10 mm・1 m）","Amazon.co.jp","599","JPY","税込（表示価格）","1","599","2026-07-31","内径8 mm・外径10 mm・長さ約1 mの半透明シリコーン。吸込側と戻り側を設置環境に合わせて切り出す"
"潅水ポンプ","https://www.amazon.co.jp/dp/B09P19KCDC/?ref_=cm_wl_huc_item","DC12 V・5 A・60 W・5 L/min・0.85 MPa・着脱式9 mmホース口／G1/2おねじ","潅水系（H-40自身）","H-40","液系統","1","個","✅ 本体・G1/2接続を採用","MORIYAA","L121-00","Amazon.co.jp","2630","JPY","税込（表示価格）","1","2630","2026-07-31","入口はH-45、出口はH-43へ直接接続"
"潅水ホース","https://www.amazon.co.jp/dp/B00CTGTMX4/?coliid=I2Z03MKRRHRS3A&colid=22H48X66XWFLU&psc=1&ref_=list_c_wl_lv_ov_lig_dp_it","タカギPH08015CB005TM、内径15 mm・外径20 mm・長さ5 m。H-01からH-40への吸込と、吐出側機器から10株までを接続。吐出側は1本で10株を順に通し、各株位置に1か所ずつ穴を開ける","H-40 潅水ポンプ","H-41","液系統","1","式","✅ 採用","タカギ(Takagi)","PH08015CB005TM","Amazon.co.jp","1020","JPY","税込（表示価格）","1","1020","2026-07-31","設置環境に合わせて切断・取り回す。H-40入口・流量計出口はH-45経由"
"潅水吐出側フィルター","https://www.amazon.co.jp/dp/B08X1GBGMG/?ref_=cm_wl_huc_item","洗浄式インライン形、入口・出口G1/2めねじ","H-40 潅水ポンプ吐出側・H-43とH-44の間","H-42","液系統","1","個","✅ G1/2直結構成に採用","Yaootely","226654","Amazon.co.jp","899","JPY","税込（表示価格）","1","899","2026-07-31","H-43出口とH-44入口を直接接続。従来のH-42A/H-42Bは不使用"
"潅水吐出側逆止弁 1/2","https://www.amazon.co.jp/dp/B003PHIRIC/?ref_=cm_wl_huc_item","SANEI PV81-13、入口G1/2めねじ・出口PJ1/2おねじ。PJ1/2はG1/2接続として平パッキンでシール","H-40 潅水ポンプ吐出側・H-40とH-42の間","H-43","液系統","1","個","✅ G1/2直結構成に採用","SANEI(サンエイ)","PV81-13","Amazon.co.jp","913","JPY","税込（表示価格）","1","913","2026-07-31","H-40 G1/2おねじ→H-43めねじ、H-43 PJ1/2おねじ→H-42 G1/2めねじ"
"潅水吐出側パルス流量計","https://www.amazon.co.jp/dp/B0D2DV3Q9Y/?ref_=cm_wl_huc_item","YF-S201、両端G1/2おねじ、測定範囲1～30 L/min","H-40 潅水ポンプ吐出側・H-42とH-45の間","H-44","液系統","1","個","✅ G1/2配管に採用・信号校正必須","RELAND SUN","YF-S201","Amazon.co.jp","2200","JPY","税込（表示価格）","1","2200","2026-07-31","H-42 G1/2めねじ→H-44 G1/2おねじ→H-45 G1/2めねじ。1パルス当たり体積を実測校正"
"G1/2おねじ→H-41ホース変換（同一品）","https://www.amazon.co.jp/dp/B01DXPF7RY/?ref_=cm_wl_huc_item","G1/2めねじ・外径16 mmホースバーブ","H-40入口／H-44出口","H-45","液系統","2","個","✅ G1/2直結構成に採用","uxcell","a15012800ux0326","Amazon.co.jp","807","JPY","税込（表示価格）","2","1614","2026-07-31","ポンプ入口と流量計出口に各1個。従来のポンプ出口用1個は不要"
