Ref,Val,Package,PosX,PosY,Rot,Side
"C2","22u 10V X7R","C_1206_3216Metric",68.000000,-60.000000,0.000000,top
"C3","100n 50V X7R","C_0603_1608Metric",26.000000,-61.000000,0.000000,top
"C5","100n 50V X7R","C_0603_1608Metric",96.000000,-35.000000,0.000000,top
"C6","2.2u 16V X7R","C_0805_2012Metric",12.000000,-46.000000,0.000000,top
"C7","100n 50V X7R","C_0603_1608Metric",51.000000,-45.500000,0.000000,top
"C8","10u 50V X7R","C_1206_3216Metric",38.000000,-60.000000,0.000000,top
"C9","22u 10V X7R","C_1206_3216Metric",50.000000,-60.000000,0.000000,top
"C10","22u 10V X7R","C_1206_3216Metric",61.000000,-60.000000,0.000000,top
"C12","100n 50V X7R","C_0603_1608Metric",107.000000,-31.000000,0.000000,top
"C13","100p 50V C0G","C_0603_1608Metric",28.000000,-45.000000,0.000000,top
"C20","100n 50V X7R","C_0603_1608Metric",122.800000,-28.000000,0.000000,top
"C21","100n 50V X7R","C_0603_1608Metric",136.000000,-28.000000,0.000000,top
"C22","100n 50V X7R","C_0603_1608Metric",149.200000,-28.000000,0.000000,top
"C23","100n 50V X7R","C_0603_1608Metric",162.400000,-28.000000,0.000000,top
"C24","100n 50V X7R","C_0603_1608Metric",158.000000,-48.000000,0.000000,top
"C30","100n 50V X7R","C_0603_1608Metric",94.000000,-53.500000,0.000000,top
"C31","100n 50V X7R","C_0603_1608Metric",106.000000,-53.500000,0.000000,top
"C32","100n 50V X7R","C_0603_1608Metric",116.500000,-53.500000,0.000000,top
"C33","100n 50V X7R","C_0603_1608Metric",127.500000,-53.500000,0.000000,top
"C34","100n 50V X7R","C_0603_1608Metric",138.500000,-53.500000,0.000000,top
"C35","2.2u 16V X7R","C_0805_2012Metric",121.500000,-53.500000,0.000000,top
"C36","2.2u 16V X7R","C_0805_2012Metric",132.500000,-53.500000,0.000000,top
"C37","2.2u 16V X7R","C_0805_2012Metric",143.500000,-53.500000,0.000000,top
"D1","SMBJ18A","D_SMB",52.000000,-36.000000,0.000000,top
"D2","CDSOT23-SM712","SOT-23",120.000000,-39.000000,0.000000,top
"D3","BAT54S,215 ADC CLAMP","SOT-23",33.000000,-57.000000,0.000000,top
"D10","STPS30SM60SG-TR 60V/30A","TO-263-2_TabPin1",27.000000,-78.500000,0.000000,top
"D11","STPS30SM60SG-TR 60V/30A","TO-263-2_TabPin1",63.000000,-78.500000,0.000000,top
"D12","STPS30SM60SG-TR 60V/30A","TO-263-2_TabPin1",99.000000,-78.500000,0.000000,top
"D13","STPS30SM60SG-TR 60V/30A","TO-263-2_TabPin1",135.000000,-78.500000,0.000000,top
"D14","STPS30SM60SG-TR 60V/30A","TO-263-2_TabPin1",171.000000,-78.500000,0.000000,top
"D30","TPD1E10B06DPYR","X1SON-2_L1.0-W0.6-P0.65-BI-1",127.800000,-32.000000,0.000000,top
"D31","TPD1E10B06DPYR","X1SON-2_L1.0-W0.6-P0.65-BI-1",141.000000,-32.000000,0.000000,top
"D32","TPD1E10B06DPYR","X1SON-2_L1.0-W0.6-P0.65-BI-1",154.200000,-32.000000,0.000000,top
"D33","TPD1E10B06DPYR","X1SON-2_L1.0-W0.6-P0.65-BI-1",167.400000,-32.000000,0.000000,top
"D34","TPD1E10B06DPYR","X1SON-2_L1.0-W0.6-P0.65-BI-1",104.500000,-18.000000,0.000000,top
"F2","0.75A HOLD PTC","Fuse_1206_3216Metric",66.000000,-52.000000,0.000000,top
"F3","0.75A HOLD / 24V PTC","Fuse_1812_4532Metric",96.000000,-20.000000,0.000000,top
"L1","4.7uH 4.6A","L_Bourns_SRP5030T",58.000000,-52.000000,0.000000,top
"Q1","CSD18540Q5B 60V","VSON-CLIP-8_L5.0-W6.0-P1.27-BL",39.000000,-35.000000,0.000000,top
"Q2","CSD18540Q5B 60V","VSON-CLIP-8_L5.0-W6.0-P1.27-BL",13.000000,-79.500000,180.000000,top
"Q3","CSD18540Q5B 60V","VSON-CLIP-8_L5.0-W6.0-P1.27-BL",49.000000,-79.500000,180.000000,top
"Q4","CSD18540Q5B 60V","VSON-CLIP-8_L5.0-W6.0-P1.27-BL",85.000000,-79.500000,180.000000,top
"Q5","CSD18540Q5B 60V","VSON-CLIP-8_L5.0-W6.0-P1.27-BL",121.000000,-79.500000,180.000000,top
"Q6","CSD18540Q5B 60V","VSON-CLIP-8_L5.0-W6.0-P1.27-BL",157.000000,-79.500000,180.000000,top
"R1","150k 1%","R_0603_1608Metric",10.000000,-55.000000,0.000000,top
"R2","27k 1%","R_0603_1608Metric",18.000000,-55.000000,0.000000,top
"R3","1k 1%","R_0603_1608Metric",26.000000,-55.000000,0.000000,top
"R8","47k 1%","R_0603_1608Metric",80.000000,-56.500000,0.000000,top
"R9","47k 1%","R_0603_1608Metric",96.000000,-41.000000,0.000000,top
"R10","10R 1%","R_0603_1608Metric",112.000000,-36.000000,0.000000,top
"R11","10R 1%","R_0603_1608Metric",112.000000,-42.000000,0.000000,top
"R12","120R 1%","R_0805_2012Metric",116.000000,-47.000000,0.000000,top
"R16","10k 1%","R_0603_1608Metric",107.000000,-22.000000,0.000000,top
"R17","2.2k 1%","R_0603_1608Metric",107.000000,-27.000000,0.000000,top
"R18","47k 1%","R_0603_1608Metric",117.500000,-22.000000,0.000000,top
"R19","47k 1%","R_0603_1608Metric",117.500000,-27.000000,0.000000,top
"R20","1k 1%","R_0603_1608Metric",122.800000,-20.000000,0.000000,top
"R21","10k 1%","R_0603_1608Metric",127.800000,-24.000000,0.000000,top
"R22","1k 1%","R_0603_1608Metric",136.000000,-20.000000,0.000000,top
"R23","10k 1%","R_0603_1608Metric",141.000000,-24.000000,0.000000,top
"R24","1k 1%","R_0603_1608Metric",149.200000,-20.000000,0.000000,top
"R25","10k 1%","R_0603_1608Metric",154.200000,-24.000000,0.000000,top
"R26","1k 1%","R_0603_1608Metric",162.400000,-20.000000,0.000000,top
"R27","10k 1%","R_0603_1608Metric",167.400000,-24.000000,0.000000,top
"R40","47k 1%","R_0603_1608Metric",6.000000,-76.000000,0.000000,top
"R41","47k 1%","R_0603_1608Metric",42.000000,-76.000000,0.000000,top
"R42","47k 1%","R_0603_1608Metric",78.000000,-76.000000,0.000000,top
"R43","47k 1%","R_0603_1608Metric",114.000000,-76.000000,0.000000,top
"R44","47k 1%","R_0603_1608Metric",150.000000,-76.000000,0.000000,top
"R50","22R 1%","R_0603_1608Metric",6.000000,-79.500000,0.000000,top
"R51","22R 1%","R_0603_1608Metric",42.000000,-79.500000,0.000000,top
"R52","22R 1%","R_0603_1608Metric",78.000000,-79.500000,0.000000,top
"R53","22R 1%","R_0603_1608Metric",114.000000,-79.500000,0.000000,top
"R54","22R 1%","R_0603_1608Metric",150.000000,-79.500000,0.000000,top
"R55","47k 1%","R_0603_1608Metric",6.000000,-83.000000,0.000000,top
"R56","47k 1%","R_0603_1608Metric",42.000000,-83.000000,0.000000,top
"R57","47k 1%","R_0603_1608Metric",78.000000,-83.000000,0.000000,top
"R58","47k 1%","R_0603_1608Metric",114.000000,-83.000000,0.000000,top
"R59","47k 1%","R_0603_1608Metric",150.000000,-83.000000,0.000000,top
"U3","THVD1410DR","SOIC-8_3.9x4.9mm_P1.27mm",103.000000,-39.000000,0.000000,top
"U4","AP63205WU-7 5V/2A","TSOT-23-6",46.000000,-52.000000,0.000000,top
"U5","SN74AHCT08DR","SOIC-14_3.9x8.7mm_P1.27mm",94.000000,-59.000000,90.000000,top
"U6","SN74AHCT08DR","SOIC-14_3.9x8.7mm_P1.27mm",106.000000,-59.000000,90.000000,top
"U7","TC4427AEOA","SOIC-8_3.9x4.9mm_P1.27mm",119.000000,-59.000000,0.000000,top
"U8","TC4427AEOA","SOIC-8_3.9x4.9mm_P1.27mm",130.000000,-59.000000,0.000000,top
"U9","TC4427AEOA","SOIC-8_3.9x4.9mm_P1.27mm",141.000000,-59.000000,0.000000,top
"U11","SN74HC14DR","SOIC-14_3.9x8.7mm_P1.27mm",151.000000,-48.000000,0.000000,top
"U12","TLV7031DBVR","SOT-23-5",114.000000,-33.000000,0.000000,top
"U13","LM74610QDGKRQ1","VSSOP-8_L3.0-W3.0-P0.65-LS5.0-BL",20.000000,-46.000000,0.000000,top
